Κατηγορία,Όνομα,Τιμή,Αντιπρόταση 1,Αντιπρόταση 2,Αντιπρόταση 3,Οινοποιείο,Περιοχή,Αλκοόλ,Ποικιλία,Ξηρότητα,Ορυκτότητα,Οξύτητα,Σώμα,Σχόλια
Αφρώδη,"Armand de Brignac, Brut Gold | Champagne | Reims",799,Krug | Grand Cuvée | Champagne | Reims,Jacquesson Cuvée 745 Extra Brut | Champagne | Aÿ,Ruinart ‘R’ Brut | Champagne | Reims,,,,,,,,,
Αφρώδη,Krug | Grand Cuvée | Champagne | Reims,592,"Armand de Brignac, Brut Gold | Champagne | Reims",Jacquesson Cuvée 745 Extra Brut | Champagne | Aÿ,Ruinart ‘R’ Brut | Champagne | Reims,,,,,,,,,
Αφρώδη,Veuve Clicquot Brut Yellow Label | Champagne | Reims,156,Taittinger Brut Reserve | Champagne | Reims,Louis Roederer Brut Collection | Champagne | Marne,Jacquesson Cuvée 745 Extra Brut | Champagne | Aÿ,,,,,,,,,
Αφρώδη,Taittinger Brut Reserve | Champagne | Reims,138,Louis Roederer Brut Collection | Champagne | Marne,Veuve Clicquot Brut Yellow Label | Champagne | Reims,Drappier | Carte d’Or Brut | Champagne | Urville,,,,,,,,,
Αφρώδη,Drappier | Carte d’Or Brut | Champagne | Urville,104,Louis Roederer Brut Collection | Champagne | Marne,Taittinger Brut Reserve | Champagne | Reims,Amalia Vintage Brut 2019 | Tselepos Winery | Method Traditionelle | PDO Mantinia,,,,,,,,,
Αφρώδη,Louis Roederer Brut Collection | Champagne | Marne,135,Taittinger Brut Reserve | Champagne | Reims,Veuve Clicquot Brut Yellow Label | Champagne | Reims,Drappier | Carte d’Or Brut | Champagne | Urville,,,,,,,,,
Αφρώδη,Jacquesson Cuvée 745 Extra Brut | Champagne | Aÿ,182,Ruinart ‘R’ Brut | Champagne | Reims,Veuve Clicquot Brut Yellow Label | Champagne | Reims,Taittinger Brut Reserve | Champagne | Reims,,,,,,,,,
Αφρώδη,Ruinart ‘R’ Brut | Champagne | Reims,182,Jacquesson Cuvée 745 Extra Brut | Champagne | Aÿ,Veuve Clicquot Brut Yellow Label | Champagne | Reims,Taittinger Brut Reserve | Champagne | Reims,,,,,,,,,
Ροζέ,Laurent Perrier Cuvée Rose | Champagne | Marne,212,"Côtes de Provence, France",Veuve Clicquot Rose | Champagne | Reims,Taittinger Brut Prestige Rose | Champagne | Reims,,,,,,,,,
Ροζέ,Veuve Clicquot Rose | Champagne | Reims,174,Taittinger Brut Prestige Rose | Champagne | Reims,"Côtes de Provence, France",Laurent Perrier Cuvée Rose | Champagne | Marne,,,,,,,,,
Ροζέ,Ruinart Brut Rose | Champagne | Reims,258,Laurent Perrier Cuvée Rose | Champagne | Marne,"Côtes de Provence, France",Veuve Clicquot Rose | Champagne | Reims,,,,,,,,,
Ροζέ,Taittinger Brut Prestige Rose | Champagne | Reims,169,Veuve Clicquot Rose | Champagne | Reims,"Côtes de Provence, France",Laurent Perrier Cuvée Rose | Champagne | Marne,,,,,,,,,
Αφρώδη,Douloufakis Brut | Method Traditionnelle | Crete,43,PDO Mantinia,"Prosecco, La Farra | DOC Treviso Italy",Amalia Vintage Brut 2019 | Tselepos Winery | Method Traditionelle | PDO Mantinia,,,,,,,,,
Αφρώδη,Amalia Vintage Brut 2019 | Tselepos Winery | Method Traditionelle | PDO Mantinia,53,Scaperdas Freres Brut Blanc| Kir Yianni | Method Traditionnelle | PDO Amyndeon,Douloufakis Brut | Method Traditionnelle | Crete,PDO Mantinia,,,,,,,,,
Αφρώδη,PDO Mantinia,42,Douloufakis Brut | Method Traditionnelle | Crete,"Prosecco, La Farra | DOC Treviso Italy",Amalia Vintage Brut 2019 | Tselepos Winery | Method Traditionelle | PDO Mantinia,,,,,,,,,
Αφρώδη,Scaperdas Freres Brut Blanc| Kir Yianni | Method Traditionnelle | PDO Amyndeon,53,Amalia Vintage Brut 2019 | Tselepos Winery | Method Traditionelle | PDO Mantinia,Douloufakis Brut | Method Traditionnelle | Crete,PDO Mantinia,,,,,,,,,
Αφρώδη,"Prosecco, La Farra | DOC Treviso Italy",35,"Moscato d’ Asti, MURAY | Beppe Marino | DOCG Piemonte Italy",PDO Mantinia,Dr. LO | Dr. Loosen 0%Alc,,,,,,,,,
Αφρώδη,"Moscato d’ Asti, MURAY | Beppe Marino | DOCG Piemonte Italy",31,Dr. LO | Dr. Loosen 0%Alc,LIGHT LIVE | Schloss Wachenheim 0%Alc,LIGHT LIVE ROSE | Schloss Wachenheim 0%Alc,,,,,,,,,
Ροζέ,Akakies Rose | Kir-Yianni Estate | PDO Amyndeon,32,Efivos | Gavalas Wines | PGI Crete,Victoria Semi-Dry | Domaine Zacharioudakis | PGI Crete,Lexis Gris sur lie | Zacharias Winery | PGI Nemea,,,,,,,,,
Ροζέ,Aprilis Rose Brut | Theopetra Estate | PGI Meteora,31,Queen Rose | Lyrarakis Wines | PGI Crete,Vera Rosa | Strataridakis Winery | PGI Crete,Akakies Rose | Kir-Yianni Estate | PDO Amyndeon,,,,,,,,,
Ροζέ,Prosecco Rose | La Farra | DOC Treviso Italy,38,Idylle d’ Achinos | La Tour Melas Estate | PGI Attica,Villa Maria Blush | Villa Maria | Marlborough,Alma | Pavlidis Estate | PGI Drama,,,,,,,,,
Λευκά,Vilana| Moinoterra | PGI Crete,46,Malagouzia | Domaine Gerovasiliou | PGI Epanomi,Droumo | Kir-Yianni Estate | PGI Makedonia,Sauvignon Blanc Fume | Domaine Gerovasileiou | PGI Epanomi,,,,,,,,,
Λευκά,Vilana | Gavalas Wines | PGI Crete,32,Techni Alipias | Wine Art Estate | PGI Drama,Apla White | Oenops Wines | PGI Drama,Syraho| Rouvalis Estate | PGI Peloponesse,,,,,,,,,
Λευκά,Queen White | Lyrarakis Wines | Vidiano | PGI Crete,31,Aspra Harakia | Strataridakis Winery | PGI Crete,Tachtas | Douloufakis Estate | PGI Crete,Assyrtiko | Gavalas Wines | PGI Crete,,,,,,,,,
Λευκά,Dafnios | Douloufakis Estate | PGI Crete,30,Malva de Crete | Idaia Winery | PGI Crete,Savatiano | Anastasia Fragou Winery | PGI Attika,Cono Sur | Bicicleta | Chile,,,,,,,,,
Λευκά,Aspra Harakia | Strataridakis Winery | PGI Crete,31,Queen White | Lyrarakis Wines | Vidiano | PGI Crete,Tachtas | Douloufakis Estate | PGI Crete,Assyrtiko | Gavalas Wines | PGI Crete,,,,,,,,,
Λευκά,Lichnos sur lie| Douraki Winery | PGI Crete,37,Hesperis Oaked | Idaia Winery | PGI Crete,Vindiano | Oenops Wines | PGI Drama,Diamantopetra | Diamantakis Winery | PGI Crete,,,,,,,,,
Λευκά,Aspros Lagos Oak Barel | Douloufakis Estate | PGI Crete,40,Akrathos Assyrtiko | Newlands Winery | PGI Chalkidiki,Soave Classico | Gini Winery | DOC Soave Classico Italy,Gustave Lorentz | Riesling | AOC Alsace,,,,,,,,,
Λευκά,Hesperis Oaked | Idaia Winery | PGI Crete,37,Lichnos sur lie| Douraki Winery | PGI Crete,Vindiano | Oenops Wines | PGI Drama,Diamantopetra | Diamantakis Winery | PGI Crete,,,,,,,,,
Λευκά,Vidiano| Single Vineyard | Karavitakis Winery | PGI Crete,108,Bourgogne Cote d’or | Domaine François Mikulski | Meursault,Marko Terlegiz | Oxer Wines | Bizkaiko Txakolina | Spain,Urziger Wurzgarten GG | Dr. Loosen | Mosel,,,,,,,,,
Λευκά,Iliana Malihin | Field Blend | PGI Rethymno,81,Inatos | Moschato Spinas Oaked | Strataridakis Winery | PGI Crete,Orange Wine | Anatolikos Vineyards | Thrace,Santorini | Vassaltis Winery | PDO Santorini,,,,,,,,,
Λευκά,Tachtas | Douloufakis Estate | PGI Crete,31,Queen White | Lyrarakis Wines | Vidiano | PGI Crete,Aspra Harakia | Strataridakis Winery | PGI Crete,Assyrtiko | Gavalas Wines | PGI Crete,,,,,,,,,
Λευκά,Moschato Spinas | Strataridakis Winery | PGI Crete,33,Sera | Silva Daskalakis Winery | PGI Crete,Malagouzia | Zafeirakis Estate | PGI Tyrnavos,Blanc de Gris | Tselepos Estate | PGI Arcadia,,,,,,,,,
Λευκά,Moschato Spinas | Kourkoulou Winery | PGI Crete,34,Thrapsathiri | Amariotakis winery | PGI Crete,Kallos | 1979 Winery | sur lie | Retsina Traditional Designation,Noemvris Late Harvest | Moropoulos Estate | PGI Arcadia,,,,,,,,,
Λευκά,Aori | Muscat of Spinas | PGI Crete,41,Liatiko Blanc de Noir | Haralambakis Winery | PGI Crete,Sophia | Efrosini Winery | PGI Crete,Idisma Drios Chardonnay | Wine Art Estate | PGI Drama,,,,,,,,,
Λευκά,Inatos | Moschato Spinas Oaked | Strataridakis Winery | PGI Crete,80,Orange Wine | Anatolikos Vineyards | Thrace,Iliana Malihin | Field Blend | PGI Rethymno,Santorini | Vassaltis Winery | PDO Santorini,,,,,,,,,
Λευκά,Orange de Noir | Douraki Winery | PGI Crete,56,Seventeen | Aoton Winery | PGI Attica,Kallos Thalassino | 1979 Winery | sur lie | Retsina Traditional Designation,L’Exuberance | Clos Cantenac | St Emilion Bordeaux,,,,,,,,,
Λευκά,Melissinos | Paterianakis Winery | PGI Crete,35,Arktos Pnoe | Arktos Elevation Vineyards | PGI Amyndeon,Sauvignon Blanc Kryovrisi | Domaine Hatzimichalis | PGI Atalanti Valley,Meranichta | Gofas Estate | PGI Peloponesse,,,,,,,,,
Λευκά,Assyrtiko | Gavalas Wines | PGI Crete,31,Queen White | Lyrarakis Wines | Vidiano | PGI Crete,Aspra Harakia | Strataridakis Winery | PGI Crete,Tachtas | Douloufakis Estate | PGI Crete,,,,,,,,,
Λευκά,Petali | Diamantakis Winery | PGI Crete,31,Queen White | Lyrarakis Wines | Vidiano | PGI Crete,Aspra Harakia | Strataridakis Winery | PGI Crete,Tachtas | Douloufakis Estate | PGI Crete,,,,,,,,,
Λευκά,Diamantopetra | Diamantakis Winery | PGI Crete,36,Plano Assyrtiko | Wine Art Estate | PGI Drama,Crispy Assyrtiko | Muses Estate | PGI Thebes,Salto | Domaine Skouras | PGI Peloponesse,,,,,,,,,
Λευκά,Liatiko Blanc de Noir | Haralambakis Winery | PGI Crete,41,Aori | Muscat of Spinas | PGI Crete,Sophia | Efrosini Winery | PGI Crete,Idisma Drios Chardonnay | Wine Art Estate | PGI Drama,,,,,,,,,
Λευκά,Rousanne | Manousakis Winery | PGI Crete,60,Amayana | Garves Silva Vineyards | Leyda Valley,Vostilidi Orange | Sclavos Wines | PGI Slopes of Enos,Les Cassagnes de la Nerthe Cote Du Rhône | Chateau la Nerthe | Rhône Valley,,,,,,,,,
Λευκά,Thrapsathiri | Amariotakis winery | PGI Crete,34,Moschato Spinas | Kourkoulou Winery | PGI Crete,Kallos | 1979 Winery | sur lie | Retsina Traditional Designation,Noemvris Late Harvest | Moropoulos Estate | PGI Arcadia,,,,,,,,,
Λευκά,Malva de Crete | Idaia Winery | PGI Crete,30,Dafnios | Douloufakis Estate | PGI Crete,Savatiano | Anastasia Fragou Winery | PGI Attika,Cono Sur | Bicicleta | Chile,,,,,,,,,
Λευκά,Sera | Silva Daskalakis Winery | PGI Crete,33,Moschato Spinas | Strataridakis Winery | PGI Crete,Malagouzia | Zafeirakis Estate | PGI Tyrnavos,Blanc de Gris | Tselepos Estate | PGI Arcadia,,,,,,,,,
Λευκά,Sophia | Efrosini Winery | PGI Crete,41,Aori | Muscat of Spinas | PGI Crete,Liatiko Blanc de Noir | Haralambakis Winery | PGI Crete,Idisma Drios Chardonnay | Wine Art Estate | PGI Drama,,,,,,,,,
Λευκά,Theros | Theros Wine Collectiva | PGI Crete,42,Southern Ocean | Marlborough,Aori | Muscat of Spinas | PGI Crete,Liatiko Blanc de Noir | Haralambakis Winery | PGI Crete,,,,,,,,,
Λευκά,Efivos | Gavalas Wines | PGI Crete,31,Queen White | Lyrarakis Wines | Vidiano | PGI Crete,Aspra Harakia | Strataridakis Winery | PGI Crete,Tachtas | Douloufakis Estate | PGI Crete,,,,,,,,,
Λευκά,Droumo | Kir-Yianni Estate | PGI Makedonia,47,Domaine Champalou | Vouvray | Loire,Jules Taylor | SB | Marlborough,Vilana| Moinoterra | PGI Crete,,,,,,,,,
Λευκά,Sauvignon Blanc Fume | Domaine Gerovasileiou | PGI Epanomi,45,Sauvignon Blanc | Alpha Estate | PGI Florina,Private Bin | Villa Maria | Marlborough,Vilana| Moinoterra | PGI Crete,,,,,,,,,
Λευκά,Sauvignon Blanc | Alpha Estate | PGI Florina,45,Sauvignon Blanc Fume | Domaine Gerovasileiou | PGI Epanomi,Private Bin | Villa Maria | Marlborough,Vilana| Moinoterra | PGI Crete,,,,,,,,,
Λευκά,Arktos Pnoe | Arktos Elevation Vineyards | PGI Amyndeon,35,Melissinos | Paterianakis Winery | PGI Crete,Sauvignon Blanc Kryovrisi | Domaine Hatzimichalis | PGI Atalanti Valley,Meranichta | Gofas Estate | PGI Peloponesse,,,,,,,,,
Λευκά,Techni Alipias | Wine Art Estate | PGI Drama,32,Vilana | Gavalas Wines | PGI Crete,Apla White | Oenops Wines | PGI Drama,Syraho| Rouvalis Estate | PGI Peloponesse,,,,,,,,,
Λευκά,Malagouzia | Domaine Gerovasiliou | PGI Epanomi,46,Vilana| Moinoterra | PGI Crete,Droumo | Kir-Yianni Estate | PGI Makedonia,Sauvignon Blanc Fume | Domaine Gerovasileiou | PGI Epanomi,,,,,,,,,
Λευκά,Malagouzia | Zafeirakis Estate | PGI Tyrnavos,33,Moschato Spinas | Strataridakis Winery | PGI Crete,Sera | Silva Daskalakis Winery | PGI Crete,Blanc de Gris | Tselepos Estate | PGI Arcadia,,,,,,,,,
Λευκά,Orange Wine | Anatolikos Vineyards | Thrace,80,Inatos | Moschato Spinas Oaked | Strataridakis Winery | PGI Crete,Iliana Malihin | Field Blend | PGI Rethymno,Santorini | Vassaltis Winery | PDO Santorini,,,,,,,,,
Λευκά,Apla White | Oenops Wines | PGI Drama,32,Vilana | Gavalas Wines | PGI Crete,Techni Alipias | Wine Art Estate | PGI Drama,Syraho| Rouvalis Estate | PGI Peloponesse,,,,,,,,,
Λευκά,Museum Collection | Domaine Gerovasiliou | PGI Epanomi,165,Gramina | Vassaltis Winery | PDO Santorini,Terrasea | Mikra Thira Winery | PDO Santorini,Nykteri Grand Reserve | Sigalas Winery | PDO Santorini,,,,,,,,,
Λευκά,Blanc des Coteaux cuvée Amphora | Thymiopoulos winery | PGI Drama,66,Ovilos | Vivlia Chora Estate | PGI Pangeo,Thalassitis | Gaia Wines | PDO Santorini,Vostilidi Orange | Sclavos Wines | PGI Slopes of Enos,,,,,,,,,
Λευκά,Plano Assyrtiko | Wine Art Estate | PGI Drama,36,Diamantopetra | Diamantakis Winery | PGI Crete,Crispy Assyrtiko | Muses Estate | PGI Thebes,Salto | Domaine Skouras | PGI Peloponesse,,,,,,,,,
Λευκά,Akrathos Assyrtiko | Newlands Winery | PGI Chalkidiki,40,Aspros Lagos Oak Barel | Douloufakis Estate | PGI Crete,Soave Classico | Gini Winery | DOC Soave Classico Italy,Gustave Lorentz | Riesling | AOC Alsace,,,,,,,,,
Λευκά,Kallos | 1979 Winery | sur lie | Retsina Traditional Designation,34,Moschato Spinas | Kourkoulou Winery | PGI Crete,Thrapsathiri | Amariotakis winery | PGI Crete,Noemvris Late Harvest | Moropoulos Estate | PGI Arcadia,,,,,,,,,
Λευκά,Kallos Thalassino | 1979 Winery | sur lie | Retsina Traditional Designation,57,Orange de Noir | Douraki Winery | PGI Crete,Seventeen | Aoton Winery | PGI Attica,L’Exuberance | Clos Cantenac | St Emilion Bordeaux,,,,,,,,,
Λευκά,Ovilos | Vivlia Chora Estate | PGI Pangeo,69,Thalassitis | Gaia Wines | PDO Santorini,Blanc des Coteaux cuvée Amphora | Thymiopoulos winery | PGI Drama,Montes| Outer Limits | DO Zapallar,,,,,,,,,
Λευκά,Lagotopos Single Vineyard “AG” | Domaine Michailidis | PGI Drama,98,St. Obéissance white | Domaine de Kalathas | PGI Tinos,10+12 | Domaine de Kalathas | PGI Tinos,Pieropan Soave La Rocca | Pieropan | Soave Classico DOC,,,,,,,,,
Λευκά,Idisma Drios Chardonnay | Wine Art Estate | PGI Drama,41,Aori | Muscat of Spinas | PGI Crete,Liatiko Blanc de Noir | Haralambakis Winery | PGI Crete,Sophia | Efrosini Winery | PGI Crete,,,,,,,,,
Λευκά,Viogner | Domaine Gerovasiliou | PGI Epanomi,49,Chronos Xinomavro Blanc de Noir | Argyrakis Wines | Naoussa,Topos Cuvée | Seiradi | PDO Paros,Zakynthino | Sclavos Wines | PDO Cephalonia,,,,,,,,,
Λευκά,Chronos Xinomavro Blanc de Noir | Argyrakis Wines | Naoussa,48,Zakynthino | Sclavos Wines | PDO Cephalonia,Clarendelle Blanc By Haut-Brion | Clarence Dillon | Bordeaux,Droumo | Kir-Yianni Estate | PGI Makedonia,,,,,,,,,
Λευκά,Vindiano | Oenops Wines | PGI Drama,37,Lichnos sur lie| Douraki Winery | PGI Crete,Hesperis Oaked | Idaia Winery | PGI Crete,Diamantopetra | Diamantakis Winery | PGI Crete,,,,,,,,,
Λευκά,Savatiano | Anastasia Fragou Winery | PGI Attika,30,Dafnios | Douloufakis Estate | PGI Crete,Malva de Crete | Idaia Winery | PGI Crete,Cono Sur | Bicicleta | Chile,,,,,,,,,
Λευκά,Crispy Assyrtiko | Muses Estate | PGI Thebes,36,Diamantopetra | Diamantakis Winery | PGI Crete,Plano Assyrtiko | Wine Art Estate | PGI Drama,Salto | Domaine Skouras | PGI Peloponesse,,,,,,,,,
Λευκά,Seventeen | Aoton Winery | PGI Attica,56,Orange de Noir | Douraki Winery | PGI Crete,Kallos Thalassino | 1979 Winery | sur lie | Retsina Traditional Designation,L’Exuberance | Clos Cantenac | St Emilion Bordeaux,,,,,,,,,
Λευκά,Sauvignon Blanc Kryovrisi | Domaine Hatzimichalis | PGI Atalanti Valley,35,Melissinos | Paterianakis Winery | PGI Crete,Arktos Pnoe | Arktos Elevation Vineyards | PGI Amyndeon,Meranichta | Gofas Estate | PGI Peloponesse,,,,,,,,,
Λευκά,Chardonnay | Domaine Katsaros | PGI Crania,51,Topos Cuvée | Seiradi | PDO Paros,"Crasto Superior White | Quinta do Crasto | Cima Corgo, Douro Valley",Viogner | Domaine Gerovasiliou | PGI Epanomi,,,,,,,,,
Λευκά,Blanc de Gris | Tselepos Estate | PGI Arcadia,33,Moschato Spinas | Strataridakis Winery | PGI Crete,Sera | Silva Daskalakis Winery | PGI Crete,Malagouzia | Zafeirakis Estate | PGI Tyrnavos,,,,,,,,,
Λευκά,Optimum Single Vineyard | NOVUS Leonidas Nassiakos | PDO Mantinia,33,Moschato Spinas | Strataridakis Winery | PGI Crete,Sera | Silva Daskalakis Winery | PGI Crete,Malagouzia | Zafeirakis Estate | PGI Tyrnavos,,,,,,,,,
Λευκά,Noemvris Late Harvest | Moropoulos Estate | PGI Arcadia,34,Moschato Spinas | Kourkoulou Winery | PGI Crete,Thrapsathiri | Amariotakis winery | PGI Crete,Kallos | 1979 Winery | sur lie | Retsina Traditional Designation,,,,,,,,,
Λευκά,Thea Fine Lees | Semeli Winery | PDO Mantineia,39,Aspros Lagos Oak Barel | Douloufakis Estate | PGI Crete,Akrathos Assyrtiko | Newlands Winery | PGI Chalkidiki,Soave Classico | Gini Winery | DOC Soave Classico Italy,,,,,,,,,
Λευκά,Tomi | Troupis Winery | PDO Mantinia,34,Moschato Spinas | Kourkoulou Winery | PGI Crete,Thrapsathiri | Amariotakis winery | PGI Crete,Kallos | 1979 Winery | sur lie | Retsina Traditional Designation,,,,,,,,,
Λευκά,Viogner Eclectique | Domaine Skouras | PGI Peloponnese,77,Chablis 1er Cru ‘Les Fourneaux’| L&C Poilut | AC Chablis,Santorini | Vassaltis Winery | PDO Santorini,Sancerre Le Tournebride | Vincent Gaudry | A.O.C. Sancerre,,,,,,,,,
Λευκά,Syraho| Rouvalis Estate | PGI Peloponesse,32,Vilana | Gavalas Wines | PGI Crete,Techni Alipias | Wine Art Estate | PGI Drama,Apla White | Oenops Wines | PGI Drama,,,,,,,,,
Λευκά,Roditis Natural Biodynamic | Sant’or Winery | PGI Achaia,31,Queen White | Lyrarakis Wines | Vidiano | PGI Crete,Aspra Harakia | Strataridakis Winery | PGI Crete,Tachtas | Douloufakis Estate | PGI Crete,,,,,,,,,
Λευκά,Dialogos | Domaine Two Heights | PGI Peloponesse,34,Moschato Spinas | Kourkoulou Winery | PGI Crete,Thrapsathiri | Amariotakis winery | PGI Crete,Kallos | 1979 Winery | sur lie | Retsina Traditional Designation,,,,,,,,,
Λευκά,Sklava | Zacharias Winery | PGI Peloponesse,32,Vilana | Gavalas Wines | PGI Crete,Techni Alipias | Wine Art Estate | PGI Drama,Apla White | Oenops Wines | PGI Drama,,,,,,,,,
Λευκά,Meranichta | Gofas Estate | PGI Peloponesse,35,Melissinos | Paterianakis Winery | PGI Crete,Arktos Pnoe | Arktos Elevation Vineyards | PGI Amyndeon,Sauvignon Blanc Kryovrisi | Domaine Hatzimichalis | PGI Atalanti Valley,,,,,,,,,
Λευκά,Salto | Domaine Skouras | PGI Peloponesse,36,Diamantopetra | Diamantakis Winery | PGI Crete,Plano Assyrtiko | Wine Art Estate | PGI Drama,Crispy Assyrtiko | Muses Estate | PGI Thebes,,,,,,,,,
Λευκά,Santorini | Vassaltis Winery | PDO Santorini,79,Inatos | Moschato Spinas Oaked | Strataridakis Winery | PGI Crete,Orange Wine | Anatolikos Vineyards | Thrace,Iliana Malihin | Field Blend | PGI Rethymno,,,,,,,,,
Λευκά,Orycton | Kyanos Winery | PDO Santorini,141,Ribolla | Marjan Simcic | Opoka Medana Jama Cru,Sauvignon Blanc | Marjan Simcic | Opoka Jordano Cru,Rombola R | Gentilini Wines | PDO Cephalonia,,,,,,,,,
Λευκά,Terrasea | Mikra Thira Winery | PDO Santorini,155,Louroi Platia | Karamolegos Winery | PDO Santorini,Gramina | Vassaltis Winery | PDO Santorini,Museum Collection | Domaine Gerovasiliou | PGI Epanomi,,,,,,,,,
Λευκά,Gramina | Vassaltis Winery | PDO Santorini,160,Museum Collection | Domaine Gerovasiliou | PGI Epanomi,Terrasea | Mikra Thira Winery | PDO Santorini,Louroi Platia | Karamolegos Winery | PDO Santorini,,,,,,,,,
Λευκά,Alcyone cuvee mythologique | Vassaltis Winery | PDO Santorini,128,Afoura | Anydrous Winery | PDO Santorini,Rombola R | Gentilini Wines | PDO Cephalonia,Chablis 1er Cru ‘Vaillon’| J. Moreau & Fils | AC Chablis,,,,,,,,,
Λευκά,Thalassitis | Gaia Wines | PDO Santorini,70,Ovilos | Vivlia Chora Estate | PGI Pangeo,Montes| Outer Limits | DO Zapallar,Blanc des Coteaux cuvée Amphora | Thymiopoulos winery | PGI Drama,,,,,,,,,
Λευκά,Afoura | Anydrous Winery | PDO Santorini,122,Chablis 1er Cru ‘Vaillon’| J. Moreau & Fils | AC Chablis,Santorini Cuvee Monsignori | Argyros Estate | PDO Santorini,Alcyone cuvee mythologique | Vassaltis Winery | PDO Santorini,,,,,,,,,
Λευκά,Louroi Platia | Karamolegos Winery | PDO Santorini,151,Terrasea | Mikra Thira Winery | PDO Santorini,Gramina | Vassaltis Winery | PDO Santorini,Orycton | Kyanos Winery | PDO Santorini,,,,,,,,,
Λευκά,Santorini Argyros | Argyros Estate | PDO Santorini,83,Iliana Malihin | Field Blend | PGI Rethymno,Sol de Sol | Vina Aquitania | Maipo Valley,Inatos | Moschato Spinas Oaked | Strataridakis Winery | PGI Crete,,,,,,,,,
Λευκά,Santorini Cuvee Monsignori | Argyros Estate | PDO Santorini,117,Chablis 1er Cru ‘Vaillon’| J. Moreau & Fils | AC Chablis,Golden Egg | Tony Bish Wines | Hawke’s Bay,Afoura | Anydrous Winery | PDO Santorini,,,,,,,,,
Λευκά,Nykteri Grand Reserve | Sigalas Winery | PDO Santorini,175,Museum Collection | Domaine Gerovasiliou | PGI Epanomi,Gramina | Vassaltis Winery | PDO Santorini,Terrasea | Mikra Thira Winery | PDO Santorini,,,,,,,,,
Λευκά,Assyrtiko de Louros | Hatzidakis Winery Vignes Centenaires | PDO Santorini,465,Côte de Beaune,RARE Clos Stegasta | T-Oinos Winery | PGI Cyclades,Baron de L | Domaine de Ladoucette | Pouilly Fume,,,,,,,,,
Λευκά,Topos Cuvée | Seiradi | PDO Paros,50,"Crasto Superior White | Quinta do Crasto | Cima Corgo, Douro Valley",Viogner | Domaine Gerovasiliou | PGI Epanomi,Chardonnay | Domaine Katsaros | PGI Crania,,,,,,,,,
Λευκά,Zakynthino | Sclavos Wines | PDO Cephalonia,48,Chronos Xinomavro Blanc de Noir | Argyrakis Wines | Naoussa,Clarendelle Blanc By Haut-Brion | Clarence Dillon | Bordeaux,Droumo | Kir-Yianni Estate | PGI Makedonia,,,,,,,,,
Λευκά,Rombola R | Gentilini Wines | PDO Cephalonia,135,Ribolla | Marjan Simcic | Opoka Medana Jama Cru,Sauvignon Blanc | Marjan Simcic | Opoka Jordano Cru,Orycton | Kyanos Winery | PDO Santorini,,,,,,,,,
Λευκά,Vostilidi Orange | Sclavos Wines | PGI Slopes of Enos,62,Les Cassagnes de la Nerthe Cote Du Rhône | Chateau la Nerthe | Rhône Valley,Amayana | Garves Silva Vineyards | Leyda Valley,Rousanne | Manousakis Winery | PGI Crete,,,,,,,,,
Λευκά,RARE Clos Stegasta | T-Oinos Winery | PGI Cyclades,377,Côte de Beaune,Assyrtiko de Louros | Hatzidakis Winery Vignes Centenaires | PDO Santorini,Baron de L | Domaine de Ladoucette | Pouilly Fume,,,,,,,,,
Λευκά,St. Obéissance white | Domaine de Kalathas | PGI Tinos,97,10+12 | Domaine de Kalathas | PGI Tinos,Lagotopos Single Vineyard “AG” | Domaine Michailidis | PGI Drama,Pieropan Soave La Rocca | Pieropan | Soave Classico DOC,,,,,,,,,
Λευκά,10+12 | Domaine de Kalathas | PGI Tinos,97,St. Obéissance white | Domaine de Kalathas | PGI Tinos,Lagotopos Single Vineyard “AG” | Domaine Michailidis | PGI Drama,Pieropan Soave La Rocca | Pieropan | Soave Classico DOC,,,,,,,,,
Λευκά,Alkar | Messarea Winery | PGI Tinos,53,Weingut Nigl | Gartling | Kremstal,Chenin Blanc | Bogle Vineyards | Clarksburg California,Chardonnay | Domaine Katsaros | PGI Crania,,,,,,,,,
Λευκά,Vasilissa | Makarounas Winery | PGI Paphos,43,Istine Toscano Bianco | Istine Winery | IGT Toscana,Theros | Theros Wine Collectiva | PGI Crete,Southern Ocean | Marlborough,,,,,,,,,
Λευκά,Pinot Grigio | Santa Margherita | DOC Alto Adige Italy,36,Diamantopetra | Diamantakis Winery | PGI Crete,Plano Assyrtiko | Wine Art Estate | PGI Drama,Crispy Assyrtiko | Muses Estate | PGI Thebes,,,,,,,,,
Λευκά,Soave Classico | Gini Winery | DOC Soave Classico Italy,40,Aspros Lagos Oak Barel | Douloufakis Estate | PGI Crete,Akrathos Assyrtiko | Newlands Winery | PGI Chalkidiki,Gustave Lorentz | Riesling | AOC Alsace,,,,,,,,,
Λευκά,Istine Toscano Bianco | Istine Winery | IGT Toscana,43,Vasilissa | Makarounas Winery | PGI Paphos,Theros | Theros Wine Collectiva | PGI Crete,Southern Ocean | Marlborough,,,,,,,,,
Λευκά,Pieropan Soave La Rocca | Pieropan | Soave Classico DOC,100,Roche-aux-Moines,Lagotopos Single Vineyard “AG” | Domaine Michailidis | PGI Drama,Urziger Wurzgarten GG | Dr. Loosen | Mosel,,,,,,,,,
Λευκά,Les Pierres Plates | Denis Jamain | Reuilly,35,Melissinos | Paterianakis Winery | PGI Crete,Arktos Pnoe | Arktos Elevation Vineyards | PGI Amyndeon,Sauvignon Blanc Kryovrisi | Domaine Hatzimichalis | PGI Atalanti Valley,,,,,,,,,
Λευκά,Baron de L | Domaine de Ladoucette | Pouilly Fume,249,Nykteri Grand Reserve | Sigalas Winery | PDO Santorini,Museum Collection | Domaine Gerovasiliou | PGI Epanomi,Gramina | Vassaltis Winery | PDO Santorini,,,,,,,,,
Λευκά,Sancerre Le Tournebride | Vincent Gaudry | A.O.C. Sancerre,75,Chablis 1er Cru ‘Les Fourneaux’| L&C Poilut | AC Chablis,Viogner Eclectique | Domaine Skouras | PGI Peloponnese,Montes| Outer Limits | DO Zapallar,,,,,,,,,
Λευκά,Domaine Champalou | Vouvray | Loire,47,Droumo | Kir-Yianni Estate | PGI Makedonia,Jules Taylor | SB | Marlborough,Vilana| Moinoterra | PGI Crete,,,,,,,,,
Λευκά,Château Climens Asphodele | Barsac Bordeaux,90,Ram’s Hill | Antinori | Marlborough,Vandenberg | Tatomer Vineyards | Santa Barbara,Sol de Sol | Vina Aquitania | Maipo Valley,,,,,,,,,
Λευκά,L’Exuberance | Clos Cantenac | St Emilion Bordeaux,55,Orange de Noir | Douraki Winery | PGI Crete,Seventeen | Aoton Winery | PGI Attica,Weingut Nigl | Gartling | Kremstal,,,,,,,,,
Λευκά,Roche-aux-Moines,101,Pieropan Soave La Rocca | Pieropan | Soave Classico DOC,Urziger Wurzgarten GG | Dr. Loosen | Mosel,Lagotopos Single Vineyard “AG” | Domaine Michailidis | PGI Drama,,,,,,,,,
Λευκά,Clarendelle Blanc By Haut-Brion | Clarence Dillon | Bordeaux,48,Chronos Xinomavro Blanc de Noir | Argyrakis Wines | Naoussa,Zakynthino | Sclavos Wines | PDO Cephalonia,Droumo | Kir-Yianni Estate | PGI Makedonia,,,,,,,,,
Λευκά,Les Cassagnes de la Nerthe Cote Du Rhône | Chateau la Nerthe | Rhône Valley,62,Vostilidi Orange | Sclavos Wines | PGI Slopes of Enos,Amayana | Garves Silva Vineyards | Leyda Valley,Rousanne | Manousakis Winery | PGI Crete,,,,,,,,,
Λευκά,Bourgogne Cote d’or | Domaine François Mikulski | Meursault,109,Vidiano| Single Vineyard | Karavitakis Winery | PGI Crete,Marko Terlegiz | Oxer Wines | Bizkaiko Txakolina | Spain,Golden Egg | Tony Bish Wines | Hawke’s Bay,,,,,,,,,
Λευκά,Chablis 1er Cru ‘Vaillon’| J. Moreau & Fils | AC Chablis,120,Afoura | Anydrous Winery | PDO Santorini,Santorini Cuvee Monsignori | Argyros Estate | PDO Santorini,Golden Egg | Tony Bish Wines | Hawke’s Bay,,,,,,,,,
Λευκά,Chablis 1er Cru ‘Les Fourneaux’| L&C Poilut | AC Chablis,76,Viogner Eclectique | Domaine Skouras | PGI Peloponnese,Sancerre Le Tournebride | Vincent Gaudry | A.O.C. Sancerre,Santorini | Vassaltis Winery | PDO Santorini,,,,,,,,,
Λευκά,Côte de Beaune,386,RARE Clos Stegasta | T-Oinos Winery | PGI Cyclades,Assyrtiko de Louros | Hatzidakis Winery Vignes Centenaires | PDO Santorini,Baron de L | Domaine de Ladoucette | Pouilly Fume,,,,,,,,,
Λευκά,Mosaik | Kuentz-Bas | AOC Alsace,36,Diamantopetra | Diamantakis Winery | PGI Crete,Plano Assyrtiko | Wine Art Estate | PGI Drama,Crispy Assyrtiko | Muses Estate | PGI Thebes,,,,,,,,,
Λευκά,Gustave Lorentz | Riesling | AOC Alsace,40,Aspros Lagos Oak Barel | Douloufakis Estate | PGI Crete,Akrathos Assyrtiko | Newlands Winery | PGI Chalkidiki,Soave Classico | Gini Winery | DOC Soave Classico Italy,,,,,,,,,
Λευκά,Urziger Wurzgarten GG | Dr. Loosen | Mosel,102,Roche-aux-Moines,Pieropan Soave La Rocca | Pieropan | Soave Classico DOC,Lagotopos Single Vineyard “AG” | Domaine Michailidis | PGI Drama,,,,,,,,,
Λευκά,Weingut Nigl | Gartling | Kremstal,54,Chenin Blanc | Bogle Vineyards | Clarksburg California,Alkar | Messarea Winery | PGI Tinos,L’Exuberance | Clos Cantenac | St Emilion Bordeaux,,,,,,,,,
Λευκά,"Crasto Superior White | Quinta do Crasto | Cima Corgo, Douro Valley",50,Topos Cuvée | Seiradi | PDO Paros,Viogner | Domaine Gerovasiliou | PGI Epanomi,Chardonnay | Domaine Katsaros | PGI Crania,,,,,,,,,
Λευκά,Ribolla | Marjan Simcic | Opoka Medana Jama Cru,137,Sauvignon Blanc | Marjan Simcic | Opoka Jordano Cru,Rombola R | Gentilini Wines | PDO Cephalonia,Orycton | Kyanos Winery | PDO Santorini,,,,,,,,,
Λευκά,Sauvignon Blanc | Marjan Simcic | Opoka Jordano Cru,137,Ribolla | Marjan Simcic | Opoka Medana Jama Cru,Rombola R | Gentilini Wines | PDO Cephalonia,Orycton | Kyanos Winery | PDO Santorini,,,,,,,,,
Λευκά,Ram’s Hill | Antinori | Marlborough,90,Château Climens Asphodele | Barsac Bordeaux,Vandenberg | Tatomer Vineyards | Santa Barbara,Sol de Sol | Vina Aquitania | Maipo Valley,,,,,,,,,
Λευκά,Private Bin | Villa Maria | Marlborough,45,Sauvignon Blanc Fume | Domaine Gerovasileiou | PGI Epanomi,Sauvignon Blanc | Alpha Estate | PGI Florina,Vilana| Moinoterra | PGI Crete,,,,,,,,,
Λευκά,Southern Ocean | Marlborough,42,Theros | Theros Wine Collectiva | PGI Crete,Aori | Muscat of Spinas | PGI Crete,Liatiko Blanc de Noir | Haralambakis Winery | PGI Crete,,,,,,,,,
Λευκά,Golden Egg | Tony Bish Wines | Hawke’s Bay,114,Marko Terlegiz | Oxer Wines | Bizkaiko Txakolina | Spain,Santorini Cuvee Monsignori | Argyros Estate | PDO Santorini,Bourgogne Cote d’or | Domaine François Mikulski | Meursault,,,,,,,,,
Λευκά,Cono Sur | Bicicleta | Chile,30,Dafnios | Douloufakis Estate | PGI Crete,Malva de Crete | Idaia Winery | PGI Crete,Savatiano | Anastasia Fragou Winery | PGI Attika,,,,,,,,,
Λευκά,Montes| Outer Limits | DO Zapallar,72,Thalassitis | Gaia Wines | PDO Santorini,Ovilos | Vivlia Chora Estate | PGI Pangeo,Sancerre Le Tournebride | Vincent Gaudry | A.O.C. Sancerre,,,,,,,,,
Λευκά,Amayana | Garves Silva Vineyards | Leyda Valley,61,Rousanne | Manousakis Winery | PGI Crete,Vostilidi Orange | Sclavos Wines | PGI Slopes of Enos,Les Cassagnes de la Nerthe Cote Du Rhône | Chateau la Nerthe | Rhône Valley,,,,,,,,,
Λευκά,Sol de Sol | Vina Aquitania | Maipo Valley,85,Santorini Argyros | Argyros Estate | PDO Santorini,Iliana Malihin | Field Blend | PGI Rethymno,Inatos | Moschato Spinas Oaked | Strataridakis Winery | PGI Crete,,,,,,,,,
Λευκά,Jules Taylor | SB | Marlborough,47,Droumo | Kir-Yianni Estate | PGI Makedonia,Domaine Champalou | Vouvray | Loire,Vilana| Moinoterra | PGI Crete,,,,,,,,,
Λευκά,The White One | First Drop Wines | Adelaide Hills,32,Vilana | Gavalas Wines | PGI Crete,Techni Alipias | Wine Art Estate | PGI Drama,Apla White | Oenops Wines | PGI Drama,,,,,,,,,
Λευκά,Kaapzicht | SB | Bottelary Stellenbosch,31,Queen White | Lyrarakis Wines | Vidiano | PGI Crete,Aspra Harakia | Strataridakis Winery | PGI Crete,Tachtas | Douloufakis Estate | PGI Crete,,,,,,,,,
Λευκά,Marko Terlegiz | Oxer Wines | Bizkaiko Txakolina | Spain,112,Golden Egg | Tony Bish Wines | Hawke’s Bay,Bourgogne Cote d’or | Domaine François Mikulski | Meursault,Vidiano| Single Vineyard | Karavitakis Winery | PGI Crete,,,,,,,,,
Λευκά,Vandenberg | Tatomer Vineyards | Santa Barbara,90,Château Climens Asphodele | Barsac Bordeaux,Ram’s Hill | Antinori | Marlborough,Sol de Sol | Vina Aquitania | Maipo Valley,,,,,,,,,
Λευκά,Chenin Blanc | Bogle Vineyards | Clarksburg California,54,Weingut Nigl | Gartling | Kremstal,Alkar | Messarea Winery | PGI Tinos,L’Exuberance | Clos Cantenac | St Emilion Bordeaux,,,,,,,,,
Λευκά,Lapis Luna | Lapis Luna Wines | California,44,Sauvignon Blanc Fume | Domaine Gerovasileiou | PGI Epanomi,Sauvignon Blanc | Alpha Estate | PGI Florina,Vasilissa | Makarounas Winery | PGI Paphos,,,,,,,,,
Ροζέ,Kedros | Lyrarakis Wines | PGI Crete,40,"Routas | Château Routas | Provence, France",Vegan,"The Beach by Whispering Angel | Caves d’Esclans | Provence, France",,,,,,,,,
Ροζέ,Diamantopetra | Diamantakis Winery | PGI Crete,33,Liatiko | Iliana Malihin | PGI Rethymno,Rose de Xinomavro | Thymiopoulos Winery | PGI Thessaloniki,Akakies Rose | Kir-Yianni Estate | PDO Amyndeon,,,,,,,,,
Ροζέ,Liatiko | Iliana Malihin | PGI Rethymno,33,Diamantopetra | Diamantakis Winery | PGI Crete,Rose de Xinomavro | Thymiopoulos Winery | PGI Thessaloniki,Akakies Rose | Kir-Yianni Estate | PDO Amyndeon,,,,,,,,,
Ροζέ,Queen Rose | Lyrarakis Wines | PGI Crete,31,Aprilis Rose Brut | Theopetra Estate | PGI Meteora,Vera Rosa | Strataridakis Winery | PGI Crete,Akakies Rose | Kir-Yianni Estate | PDO Amyndeon,,,,,,,,,
Ροζέ,Melissiinos bio | Domaine Paterianaki | PGI Crete,35,Xinomavro Rose | Markovitis Winery | PDO Naoussa,Fragosykia | Rouvalis Winery | PGI Peloponnese,A-Muse | Muses Estate | PGI Thebes,,,,,,,,,
Ροζέ,Vera Rosa | Strataridakis Winery | PGI Crete,31,Aprilis Rose Brut | Theopetra Estate | PGI Meteora,Queen Rose | Lyrarakis Wines | PGI Crete,Akakies Rose | Kir-Yianni Estate | PDO Amyndeon,,,,,,,,,
Ροζέ,Efivos | Gavalas Wines | PGI Crete,32,Akakies Rose | Kir-Yianni Estate | PDO Amyndeon,Victoria Semi-Dry | Domaine Zacharioudakis | PGI Crete,Lexis Gris sur lie | Zacharias Winery | PGI Nemea,,,,,,,,,
Ροζέ,Venerata Rosa | Idaia Winery | PGI Crete,30,Manousaki | Diamantopoulos Winery | PGI Peloponnese,Aprilis Rose Brut | Theopetra Estate | PGI Meteora,Queen Rose | Lyrarakis Wines | PGI Crete,,,,,,,,,
Ροζέ,Victoria Semi-Dry | Domaine Zacharioudakis | PGI Crete,32,Akakies Rose | Kir-Yianni Estate | PDO Amyndeon,Efivos | Gavalas Wines | PGI Crete,Lexis Gris sur lie | Zacharias Winery | PGI Nemea,,,,,,,,,
Ροζέ,Rose de Xinomavro | Thymiopoulos Winery | PGI Thessaloniki,33,Diamantopetra | Diamantakis Winery | PGI Crete,Liatiko | Iliana Malihin | PGI Rethymno,Akakies Rose | Kir-Yianni Estate | PDO Amyndeon,,,,,,,,,
Ροζέ,L’Esprit du Lac | Kir-Yianni Estate | Vieilles Vignes | PDO Amyndeon,42,Peplo | Domaine Skouras | PGI Peloponnese,"The Beach by Whispering Angel | Caves d’Esclans | Provence, France",Kedros | Lyrarakis Wines | PGI Crete,,,,,,,,,
Ροζέ,Xinomavro Rose | Markovitis Winery | PDO Naoussa,34,Diamantopetra | Diamantakis Winery | PGI Crete,Liatiko | Iliana Malihin | PGI Rethymno,Melissiinos bio | Domaine Paterianaki | PGI Crete,,,,,,,,,
Ροζέ,Alma | Pavlidis Estate | PGI Drama,37,Merlot Lazaridis | Domaine Costa Lazaridi | PGI Drama,Delear | Semeli Estate | PGI Peloponesse,Prosecco Rose | La Farra | DOC Treviso Italy,,,,,,,,,
Ροζέ,Vegan,39,Prosecco Rose | La Farra | DOC Treviso Italy,Kedros | Lyrarakis Wines | PGI Crete,Idylle d’ Achinos | La Tour Melas Estate | PGI Attica,Mount Cloud Rose | Navitas Wines | PGI Pieria,,,,,,,,
Ροζέ,Alpha Rose | Alpha Estate | PDO Amyndeon,45,L’Esprit du Lac | Kir-Yianni Estate | Vieilles Vignes | PDO Amyndeon,Peplo | Domaine Skouras | PGI Peloponnese,"AIX | Coteaux d’Aix en Provence | Provence, France",,,,,,,,,
Ροζέ,Merlot Lazaridis | Domaine Costa Lazaridi | PGI Drama,37,Alma | Pavlidis Estate | PGI Drama,Delear | Semeli Estate | PGI Peloponesse,Prosecco Rose | La Farra | DOC Treviso Italy,,,,,,,,,
Ροζέ,Un Ete Grec | Domaine de Kalathas | PGI Cyclades,97,Domaines OTT | Chateau Romassan | Bandol,"Rock Angel | Chateau d’Esclans | Provence, France","Miraval | Chateau Miraval | Provence, France",,,,,,,,,
Ροζέ,Peplo | Domaine Skouras | PGI Peloponnese,42,L’Esprit du Lac | Kir-Yianni Estate | Vieilles Vignes | PDO Amyndeon,"The Beach by Whispering Angel | Caves d’Esclans | Provence, France",Kedros | Lyrarakis Wines | PGI Crete,,,,,,,,,
Ροζέ,Delear | Semeli Estate | PGI Peloponesse,37,Alma | Pavlidis Estate | PGI Drama,Merlot Lazaridis | Domaine Costa Lazaridi | PGI Drama,Prosecco Rose | La Farra | DOC Treviso Italy,,,,,,,,,
Ροζέ,Lexis Gris sur lie | Zacharias Winery | PGI Nemea,32,Akakies Rose | Kir-Yianni Estate | PDO Amyndeon,Efivos | Gavalas Wines | PGI Crete,Victoria Semi-Dry | Domaine Zacharioudakis | PGI Crete,,,,,,,,,
Ροζέ,Fragosykia | Rouvalis Winery | PGI Peloponnese,36,A-Muse | Muses Estate | PGI Thebes,Melissiinos bio | Domaine Paterianaki | PGI Crete,Alma | Pavlidis Estate | PGI Drama,,,,,,,,,
Ροζέ,Manousaki | Diamantopoulos Winery | PGI Peloponnese,30,Venerata Rosa | Idaia Winery | PGI Crete,Aprilis Rose Brut | Theopetra Estate | PGI Meteora,Queen Rose | Lyrarakis Wines | PGI Crete,,,,,,,,,
Ροζέ,Idylle d’ Achinos | La Tour Melas Estate | PGI Attica,38,Prosecco Rose | La Farra | DOC Treviso Italy,Villa Maria Blush | Villa Maria | Marlborough,Alma | Pavlidis Estate | PGI Drama,,,,,,,,,
Ροζέ,A-Muse | Muses Estate | PGI Thebes,36,Fragosykia | Rouvalis Winery | PGI Peloponnese,Melissiinos bio | Domaine Paterianaki | PGI Crete,Alma | Pavlidis Estate | PGI Drama,,,,,,,,,
Ροζέ,"Whispering Angel | Caves D’Esclans | Cotes de Provence, France",61,"Miraval | Chateau Miraval | Provence, France","M de Minuty | Côtes de Provence A.C. | Provence, France","AIX | Coteaux d’Aix en Provence | Provence, France",,,,,,,,,
Ροζέ,"Miraval | Chateau Miraval | Provence, France",62,"Whispering Angel | Caves D’Esclans | Cotes de Provence, France","M de Minuty | Côtes de Provence A.C. | Provence, France","AIX | Coteaux d’Aix en Provence | Provence, France",,,,,,,,,
Ροζέ,"Routas | Château Routas | Provence, France",40,Kedros | Lyrarakis Wines | PGI Crete,Vegan,"The Beach by Whispering Angel | Caves d’Esclans | Provence, France",,,,,,,,,
Ροζέ,"AIX | Coteaux d’Aix en Provence | Provence, France",49,Alpha Rose | Alpha Estate | PDO Amyndeon,L’Esprit du Lac | Kir-Yianni Estate | Vieilles Vignes | PDO Amyndeon,Peplo | Domaine Skouras | PGI Peloponnese,,,,,,,,,
Ροζέ,"Côtes de Provence, France",189,Veuve Clicquot Rose | Champagne | Reims,Taittinger Brut Prestige Rose | Champagne | Reims,Laurent Perrier Cuvée Rose | Champagne | Marne,,,,,,,,,
Ροζέ,"Rock Angel | Chateau d’Esclans | Provence, France",79,"Miraval | Chateau Miraval | Provence, France",Un Ete Grec | Domaine de Kalathas | PGI Cyclades,"Whispering Angel | Caves D’Esclans | Cotes de Provence, France",,,,,,,,,
Ροζέ,"The Beach by Whispering Angel | Caves d’Esclans | Provence, France",41,Kedros | Lyrarakis Wines | PGI Crete,L’Esprit du Lac | Kir-Yianni Estate | Vieilles Vignes | PDO Amyndeon,Peplo | Domaine Skouras | PGI Peloponnese,,,,,,,,,
Ροζέ,"M de Minuty | Côtes de Provence A.C. | Provence, France",56,"Whispering Angel | Caves D’Esclans | Cotes de Provence, France","Miraval | Chateau Miraval | Provence, France","AIX | Coteaux d’Aix en Provence | Provence, France",,,,,,,,,
Ροζέ,Domaines OTT | Chateau Romassan | Bandol,101,Un Ete Grec | Domaine de Kalathas | PGI Cyclades,"Rock Angel | Chateau d’Esclans | Provence, France","Miraval | Chateau Miraval | Provence, France",,,,,,,,,
Ροζέ,Villa Maria Blush | Villa Maria | Marlborough,38,Prosecco Rose | La Farra | DOC Treviso Italy,Idylle d’ Achinos | La Tour Melas Estate | PGI Attica,Alma | Pavlidis Estate | PGI Drama,,,,,,,,,
Κόκκινα,Kotsifali | Endochora Wines | PGI Crete,37,Kotsifali | Zacharioudakis Estate | PGI Crete,Alta | Thymiopoulos Vineyards | PDO Naoussa,Markovitis | Markovitis Winery | PDO Naoussa,,,,,,,,,
Κόκκινα,Kotsifali | Indigenous yeast | Karavitakis Winery | PGI Crete,82,Liatiko | Indigenous yeast | Karavitakis Winery | PGI Crete,Symbolo | Lyrarakis Wines | PGI Crete,To Kokkino | Domaine de Kalathas | PGI Tinos,,,,,,,,,
Κόκκινα,Queen Red | Lyrarakis Wines | PGI Crete,33,Dafnios | Douloufakis Estate | PGI Crete,Alikos | Haralambakis Winery | PGI Heraklion,Kokkina Chomata | Strataridakis Winery | PGI Crete,,,,,,,,,
Κόκκινα,Kotsifali | Zacharioudakis Estate | PGI Crete,37,Kotsifali | Endochora Wines | PGI Crete,Alta | Thymiopoulos Vineyards | PDO Naoussa,Markovitis | Markovitis Winery | PDO Naoussa,,,,,,,,,
Κόκκινα,Skalarea | Boutari Winery | PGI Heraklion,40,Grande Reserve Dafnes | Douloufakis Estate | PGI Crete,Barbera d’ Alba Superiore | G.D.Vajra | DOC Barolo Piemonte,Côtes-Du-Rhône | Domaine de la Solitude| AOC Côtes du Rhône,,,,,,,,,
Κόκκινα,Alikos | Haralambakis Winery | PGI Heraklion,34,Kokkina Chomata | Strataridakis Winery | PGI Crete,Krotos | Amariotakis Winery | PGI Crete,“35” Syrah | The Finest Artisanal | Crete,,,,,,,,,
Κόκκινα,Enstikto | Silva Daskalaki Winery | PGI Crete,47,Romitorio | Castello Romitorio | Toscano IGT,Kitrvs | Kitrvs Winery | PGI Pieria,Plakoura | Lyrarakis Wines | PGI Crete,,,,,,,,,
Κόκκινα,Kokkina Chomata | Strataridakis Winery | PGI Crete,34,Alikos | Haralambakis Winery | PGI Heraklion,Krotos | Amariotakis Winery | PGI Crete,“35” Syrah | The Finest Artisanal | Crete,,,,,,,,,
Κόκκινα,Grande Reserve Dafnes | Douloufakis Estate | PGI Crete,40,Skalarea | Boutari Winery | PGI Heraklion,Barbera d’ Alba Superiore | G.D.Vajra | DOC Barolo Piemonte,Côtes-Du-Rhône | Domaine de la Solitude| AOC Côtes du Rhône,,,,,,,,,
Κόκκινα,Krotos | Amariotakis Winery | PGI Crete,34,Alikos | Haralambakis Winery | PGI Heraklion,Kokkina Chomata | Strataridakis Winery | PGI Crete,“35” Syrah | The Finest Artisanal | Crete,,,,,,,,,
Κόκκινα,Dafnios | Douloufakis Estate | PGI Crete,33,Queen Red | Lyrarakis Wines | PGI Crete,Alikos | Haralambakis Winery | PGI Heraklion,Kokkina Chomata | Strataridakis Winery | PGI Crete,,,,,,,,,
Κόκκινα,Aggelis barrel | Lyrarakis Wines | PGI Crete,55,2919 M | Navitas Winery | PGI Pieria,Nostos Blend | Manousakis Winery | PGI Crete,Emphasis Syrah | Pavlidis Estate | PGI Drama,,,,,,,,,
Κόκκινα,Antigone | Oikonomou Winery | PGI Crete,307,Tartalo | Oxer Wines | DO Rioja,Palies Rizes Vielles Vignes | Domaine La tour Melas | PGI Attica,Malbec Argentino | Bodega Catena Zapata | Mendoza,,,,,,,,,
Κόκκινα,Liatiko | Indigenous yeast | Karavitakis Winery | PGI Crete,82,Kotsifali | Indigenous yeast | Karavitakis Winery | PGI Crete,Symbolo | Lyrarakis Wines | PGI Crete,To Kokkino | Domaine de Kalathas | PGI Tinos,,,,,,,,,
Κόκκινα,Plakoura | Lyrarakis Wines | PGI Crete,45,Ramnista | Kir-Yianni Estate | PDO Naousa,Magoutes | Diamantis Papageorgiou Winery | PGI Siatista,Mon Coeux | Domaine Jean-Louis Chave | Côtes du Rhône,,,,,,,,,
Κόκκινα,Ocean | Idaia Winery | PGI Crete,38,Chateau Haut Meneau | Bordeaux,Kotsifali | Endochora Wines | PGI Crete,Kotsifali | Zacharioudakis Estate | PGI Crete,,,,,,,,,
Κόκκινα,Symbolo | Lyrarakis Wines | PGI Crete,80,To Kokkino | Domaine de Kalathas | PGI Tinos,Kotsifali | Indigenous yeast | Karavitakis Winery | PGI Crete,Liatiko | Indigenous yeast | Karavitakis Winery | PGI Crete,,,,,,,,,
Κόκκινα,Mirabello | Oikonomou Winery | PGI Crete,185,Monologos | Ktima Dio Ypsi,Alpha One | Alpha Estate | PGI Florina,BIN 128 | Penfolds | Coonawarra Adelaide,,,,,,,,,
Κόκκινα,Diamantopetra | Diamandakis Winery | PGI Crete,32,Efivos | Gavalas Wines | PGI Crete,The Red One | First Drop Winery|Adelaide Hills Barossa Valey,Cono Sur | Bicicleta Reserva | Chile,,,,,,,,,
Κόκκινα,Efivos | Gavalas Wines | PGI Crete,32,Diamantopetra | Diamandakis Winery | PGI Crete,The Red One | First Drop Winery|Adelaide Hills Barossa Valey,Cono Sur | Bicicleta Reserva | Chile,,,,,,,,,
Κόκκινα,Nostos Blend | Manousakis Winery | PGI Crete,54,Aggelis barrel | Lyrarakis Wines | PGI Crete,2919 M | Navitas Winery | PGI Pieria,Moschopolis 18 | Moschopolis Winery | PGI Thessaloniki,,,,,,,,,
Κόκκινα,Issorropia | Efrosini Winery | PGI Crete,44,Earth and Sky | Thymiopoulos Vineyards | PDO Naoussa,Idisma Drios Merlot | Wine Art Estate | PGI Drama,Lapis Luna | Lapis Luna Wines | California,,,,,,,,,
Κόκκινα,Barbatus | Strataridakis Winery | PGI Crete,131,Dog Point | Dog Point Vineyards | Marlborough Valley,Opus ιβ 2004 | Hatzimichalis Estate | PGI Opountia Locris,Brunello di Montalcino | IL POGGIONE | Montalcino,,,,,,,,,
Κόκκινα,Earth and Sky | Thymiopoulos Vineyards | PDO Naoussa,44,Issorropia | Efrosini Winery | PGI Crete,Idisma Drios Merlot | Wine Art Estate | PGI Drama,Lapis Luna | Lapis Luna Wines | California,,,,,,,,,
Κόκκινα,Alta | Thymiopoulos Vineyards | PDO Naoussa,37,Kotsifali | Endochora Wines | PGI Crete,Kotsifali | Zacharioudakis Estate | PGI Crete,Markovitis | Markovitis Winery | PDO Naoussa,,,,,,,,,
Κόκκινα,Ramnista | Kir-Yianni Estate | PDO Naousa,45,Plakoura | Lyrarakis Wines | PGI Crete,Magoutes | Diamantis Papageorgiou Winery | PGI Siatista,Mon Coeux | Domaine Jean-Louis Chave | Côtes du Rhône,,,,,,,,,
Κόκκινα,Magoutes | Diamantis Papageorgiou Winery | PGI Siatista,45,Plakoura | Lyrarakis Wines | PGI Crete,Ramnista | Kir-Yianni Estate | PDO Naousa,Mon Coeux | Domaine Jean-Louis Chave | Côtes du Rhône,,,,,,,,,
Κόκκινα,Markovitis | Markovitis Winery | PDO Naoussa,37,Kotsifali | Endochora Wines | PGI Crete,Kotsifali | Zacharioudakis Estate | PGI Crete,Alta | Thymiopoulos Vineyards | PDO Naoussa,,,,,,,,,
Κόκκινα,Goumenissa | Mikro Ktima Titou | PDO Goumenissa,36,Pinot Noir | Villa Wolf | Pfalz Germany,“Single Variety” | Manousakis | Crete,Kotsifali | Endochora Wines | PGI Crete,,,,,,,,,
Κόκκινα,Kitrvs | Kitrvs Winery | PGI Pieria,46,Enstikto | Silva Daskalaki Winery | PGI Crete,Plakoura | Lyrarakis Wines | PGI Crete,Ramnista | Kir-Yianni Estate | PDO Naousa,,,,,,,,,
Κόκκινα,Fine Mavroudi | Anatolikos Vineyards | Thrace,69,Kokkinomylos| Tselepos Winery | PGI Peloponnese,Châteauneuf du Pape | Domaine de la Solitude | AOC Châteauneuf du Pape,“35” Aged | The Finest Artisanal | Crete,,,,,,,,,
Κόκκινα,Lagotopos Single Vineyard “Mavrotragano” | Domaine Michailidis | PGI Drama,150,Brunello di Montalcino | IL POGGIONE | Montalcino,"Ridge Lytton Springs | Ridge Vineyards | Santa Cruz, California",BIN 128 | Penfolds | Coonawarra Adelaide,,,,,,,,,
Κόκκινα,Moschopolis 18 | Moschopolis Winery | PGI Thessaloniki,52,Domaine Katsaros | Domaine Katsaros | PGI Crania,Nostos Blend | Manousakis Winery | PGI Crete,Mouchtaro | Domaine Muses | PGI Peloponnese,,,,,,,,,
Κόκκινα,Aiora | Moschopolis Winery | PGI Thessaloniki,37,Kotsifali | Endochora Wines | PGI Crete,Kotsifali | Zacharioudakis Estate | PGI Crete,Alta | Thymiopoulos Vineyards | PDO Naoussa,,,,,,,,,
Κόκκινα,Emphasis Syrah | Pavlidis Estate | PGI Drama,56,Aggelis barrel | Lyrarakis Wines | PGI Crete,2919 M | Navitas Winery | PGI Pieria,Nostos Blend | Manousakis Winery | PGI Crete,,,,,,,,,
Κόκκινα,Evangelo | Domaine Gerovasileiou | PGI Epanomi,78,To Kokkino | Domaine de Kalathas | PGI Tinos,Château Belles Graves | Lalande de Pomerol AC Bordeaux,Symbolo | Lyrarakis Wines | PGI Crete,,,,,,,,,
Κόκκινα,Alpha Pinot Noir | Alpha Estate | PGI Florina,60,Avlotopi | Tselepos Winery | PGI Peloponnese,Limniona | Zafeirakis Estate | PGI Tyrnavos,Gaia Estate | PDO Nemea,,,,,,,,,
Κόκκινα,2919 M | Navitas Winery | PGI Pieria,55,Aggelis barrel | Lyrarakis Wines | PGI Crete,Nostos Blend | Manousakis Winery | PGI Crete,Emphasis Syrah | Pavlidis Estate | PGI Drama,,,,,,,,,
Κόκκινα,Idisma Drios Merlot | Wine Art Estate | PGI Drama,44,Issorropia | Efrosini Winery | PGI Crete,Earth and Sky | Thymiopoulos Vineyards | PDO Naoussa,Lapis Luna | Lapis Luna Wines | California,,,,,,,,,
Κόκκινα,Alpha One | Alpha Estate | PGI Florina,178,Monologos | Ktima Dio Ypsi,Mirabello | Oikonomou Winery | PGI Crete,BIN 128 | Penfolds | Coonawarra Adelaide,,,,,,,,,
Κόκκινα,Limniona | Zafeirakis Estate | PGI Tyrnavos,59,Taos Mavrodaphne | Parparoussis Winery | PGI Peloponnese,Alpha Pinot Noir | Alpha Estate | PGI Florina,Avlotopi | Tselepos Winery | PGI Peloponnese,,,,,,,,,
Κόκκινα,Palies Rizes Vielles Vignes | Domaine La tour Melas | PGI Attica,354,Tartalo | Oxer Wines | DO Rioja,Antigone | Oikonomou Winery | PGI Crete,Malbec Argentino | Bodega Catena Zapata | Mendoza,,,,,,,,,
Κόκκινα,Opus ιβ 2004 | Hatzimichalis Estate | PGI Opountia Locris,124,Barbatus | Strataridakis Winery | PGI Crete,Dog Point | Dog Point Vineyards | Marlborough Valley,MOV Prephylloxera | Petrakopoulos Winery | PGI Cephalonia,,,,,,,,,
Κόκκινα,Domaine Katsaros | Domaine Katsaros | PGI Crania,52,Moschopolis 18 | Moschopolis Winery | PGI Thessaloniki,Nostos Blend | Manousakis Winery | PGI Crete,Mouchtaro | Domaine Muses | PGI Peloponnese,,,,,,,,,
Κόκκινα,Syrah Avantis | Avantis Estate | PGI Evia,37,Kotsifali | Endochora Wines | PGI Crete,Kotsifali | Zacharioudakis Estate | PGI Crete,Alta | Thymiopoulos Vineyards | PDO Naoussa,,,,,,,,,
Κόκκινα,Nemea | Aivalis Winery | PDO Nemea,37,Kotsifali | Endochora Wines | PGI Crete,Kotsifali | Zacharioudakis Estate | PGI Crete,Alta | Thymiopoulos Vineyards | PDO Naoussa,,,,,,,,,
Κόκκινα,Gaia Estate | PDO Nemea,61,Alpha Pinot Noir | Alpha Estate | PGI Florina,Avlotopi | Tselepos Winery | PGI Peloponnese,Limniona | Zafeirakis Estate | PGI Tyrnavos,,,,,,,,,
Κόκκινα,Mouchtaro | Domaine Muses | PGI Peloponnese,50,Moschopolis 18 | Moschopolis Winery | PGI Thessaloniki,Domaine Katsaros | Domaine Katsaros | PGI Crania,Enstikto | Silva Daskalaki Winery | PGI Crete,,,,,,,,,
Κόκκινα,Taos Mavrodaphne | Parparoussis Winery | PGI Peloponnese,59,Limniona | Zafeirakis Estate | PGI Tyrnavos,Alpha Pinot Noir | Alpha Estate | PGI Florina,Avlotopi | Tselepos Winery | PGI Peloponnese,,,,,,,,,
Κόκκινα,Avlotopi | Tselepos Winery | PGI Peloponnese,60,Alpha Pinot Noir | Alpha Estate | PGI Florina,Limniona | Zafeirakis Estate | PGI Tyrnavos,Gaia Estate | PDO Nemea,,,,,,,,,
Κόκκινα,Kokkinomylos| Tselepos Winery | PGI Peloponnese,70,Fine Mavroudi | Anatolikos Vineyards | Thrace,Châteauneuf du Pape | Domaine de la Solitude | AOC Châteauneuf du Pape,A Cabernet Sauvignon | VIK Vineyards | Millahue Valley,,,,,,,,,
Κόκκινα,Monologos | Ktima Dio Ypsi,182,Mirabello | Oikonomou Winery | PGI Crete,Alpha One | Alpha Estate | PGI Florina,BIN 128 | Penfolds | Coonawarra Adelaide,,,,,,,,,
Κόκκινα,MOV Prephylloxera | Petrakopoulos Winery | PGI Cephalonia,115,Opus ιβ 2004 | Hatzimichalis Estate | PGI Opountia Locris,Baudana Barolo | Luigi Baudana | Serralunga d’Alba,Barbatus | Strataridakis Winery | PGI Crete,,,,,,,,,
Κόκκινα,To Kokkino | Domaine de Kalathas | PGI Tinos,79,Symbolo | Lyrarakis Wines | PGI Crete,Evangelo | Domaine Gerovasileiou | PGI Epanomi,Château Belles Graves | Lalande de Pomerol AC Bordeaux,,,,,,,,,
Κόκκινα,Chianti Classico | Fontodi | DOCG Chianti Classico,93,Châteauneuf du Pape | Domaine du Vieux Lazaret|AOC Châteauneuf du Pape,Imperial Reserva | CVNE Imperial | DOCa Rioja,Kotsifali | Indigenous yeast | Karavitakis Winery | PGI Crete,,,,,,,,,
Κόκκινα,Romitorio | Castello Romitorio | Toscano IGT,47,Enstikto | Silva Daskalaki Winery | PGI Crete,Kitrvs | Kitrvs Winery | PGI Pieria,Plakoura | Lyrarakis Wines | PGI Crete,,,,,,,,,
Κόκκινα,Brunello di Montalcino | IL POGGIONE | Montalcino,143,Lagotopos Single Vineyard “Mavrotragano” | Domaine Michailidis | PGI Drama,Dog Point | Dog Point Vineyards | Marlborough Valley,Barbatus | Strataridakis Winery | PGI Crete,,,,,,,,,
Κόκκινα,Tignanello | Marchesi Antinori | Toscana IGT,480,Palies Rizes Vielles Vignes | Domaine La tour Melas | PGI Attica,Tartalo | Oxer Wines | DO Rioja,Antigone | Oikonomou Winery | PGI Crete,,,,,,,,,
Κόκκινα,Barbera d’ Alba Superiore | G.D.Vajra | DOC Barolo Piemonte,41,Côtes-Du-Rhône | Domaine de la Solitude| AOC Côtes du Rhône,Skalarea | Boutari Winery | PGI Heraklion,Grande Reserve Dafnes | Douloufakis Estate | PGI Crete,,,,,,,,,
Κόκκινα,Baudana Barolo | Luigi Baudana | Serralunga d’Alba,105,MOV Prephylloxera | Petrakopoulos Winery | PGI Cephalonia,Chianti Classico | Fontodi | DOCG Chianti Classico,Châteauneuf du Pape | Domaine du Vieux Lazaret|AOC Châteauneuf du Pape,,,,,,,,,
Κόκκινα,Argentiera Bolgheri | Tenuta Argentiera | Bolgeri DOC Superiore,217,Burgundy,"Artemis Cabernet Sauvignon | Stag’s Leap Wine Cellar | Napa Valley, California",Malbec Argentino | Bodega Catena Zapata | Mendoza,,,,,,,,,
Κόκκινα,Les Pierres Plates | Denis Jamain | Reuilly,35,Alikos | Haralambakis Winery | PGI Heraklion,Kokkina Chomata | Strataridakis Winery | PGI Crete,Krotos | Amariotakis Winery | PGI Crete,,,,,,,,,
Κόκκινα,Burgundy,227,"Artemis Cabernet Sauvignon | Stag’s Leap Wine Cellar | Napa Valley, California",Argentiera Bolgheri | Tenuta Argentiera | Bolgeri DOC Superiore,Malbec Argentino | Bodega Catena Zapata | Mendoza,,,,,,,,,
Κόκκινα,Château Belles Graves | Lalande de Pomerol AC Bordeaux,77,Evangelo | Domaine Gerovasileiou | PGI Epanomi,To Kokkino | Domaine de Kalathas | PGI Tinos,A Cabernet Sauvignon | VIK Vineyards | Millahue Valley,,,,,,,,,
Κόκκινα,Chateau Haut Meneau | Bordeaux,38,Ocean | Idaia Winery | PGI Crete,Kotsifali | Endochora Wines | PGI Crete,Kotsifali | Zacharioudakis Estate | PGI Crete,,,,,,,,,
Κόκκινα,Mon Coeux | Domaine Jean-Louis Chave | Côtes du Rhône,45,Plakoura | Lyrarakis Wines | PGI Crete,Ramnista | Kir-Yianni Estate | PDO Naousa,Magoutes | Diamantis Papageorgiou Winery | PGI Siatista,,,,,,,,,
Κόκκινα,Côtes-Du-Rhône | Domaine de la Solitude| AOC Côtes du Rhône,41,Barbera d’ Alba Superiore | G.D.Vajra | DOC Barolo Piemonte,Skalarea | Boutari Winery | PGI Heraklion,Grande Reserve Dafnes | Douloufakis Estate | PGI Crete,,,,,,,,,
Κόκκινα,Châteauneuf du Pape | Domaine de la Solitude | AOC Châteauneuf du Pape,72,Kokkinomylos| Tselepos Winery | PGI Peloponnese,Fine Mavroudi | Anatolikos Vineyards | Thrace,A Cabernet Sauvignon | VIK Vineyards | Millahue Valley,,,,,,,,,
Κόκκινα,Châteauneuf du Pape | Domaine du Vieux Lazaret|AOC Châteauneuf du Pape,87,Imperial Reserva | CVNE Imperial | DOCa Rioja,Kotsifali | Indigenous yeast | Karavitakis Winery | PGI Crete,Liatiko | Indigenous yeast | Karavitakis Winery | PGI Crete,,,,,,,,,
Κόκκινα,Tartalo | Oxer Wines | DO Rioja,340,Palies Rizes Vielles Vignes | Domaine La tour Melas | PGI Attica,Antigone | Oikonomou Winery | PGI Crete,Malbec Argentino | Bodega Catena Zapata | Mendoza,,,,,,,,,
Κόκκινα,Imperial Reserva | CVNE Imperial | DOCa Rioja,85,Châteauneuf du Pape | Domaine du Vieux Lazaret|AOC Châteauneuf du Pape,Kotsifali | Indigenous yeast | Karavitakis Winery | PGI Crete,Liatiko | Indigenous yeast | Karavitakis Winery | PGI Crete,,,,,,,,,
Κόκκινα,Envinate Lousas “Viña de Aldea” | Ribeira Sacra,58,Limniona | Zafeirakis Estate | PGI Tyrnavos,Taos Mavrodaphne | Parparoussis Winery | PGI Peloponnese,Emphasis Syrah | Pavlidis Estate | PGI Drama,,,,,,,,,
Κόκκινα,Pinot Noir | Villa Wolf | Pfalz Germany,36,Goumenissa | Mikro Ktima Titou | PDO Goumenissa,“Single Variety” | Manousakis | Crete,Kotsifali | Endochora Wines | PGI Crete,,,,,,,,,
Κόκκινα,BIN 128 | Penfolds | Coonawarra Adelaide,160,"Ridge Lytton Springs | Ridge Vineyards | Santa Cruz, California",Lagotopos Single Vineyard “Mavrotragano” | Domaine Michailidis | PGI Drama,Brunello di Montalcino | IL POGGIONE | Montalcino,,,,,,,,,
Κόκκινα,The Red One | First Drop Winery|Adelaide Hills Barossa Valey,32,Diamantopetra | Diamandakis Winery | PGI Crete,Efivos | Gavalas Wines | PGI Crete,Cono Sur | Bicicleta Reserva | Chile,,,,,,,,,
Κόκκινα,Mother’s Milk | First Drop Winery | Adelaide Hills Barossa Valey,45,Plakoura | Lyrarakis Wines | PGI Crete,Ramnista | Kir-Yianni Estate | PDO Naousa,Magoutes | Diamantis Papageorgiou Winery | PGI Siatista,,,,,,,,,
Κόκκινα,Dog Point | Dog Point Vineyards | Marlborough Valley,132,Barbatus | Strataridakis Winery | PGI Crete,Opus ιβ 2004 | Hatzimichalis Estate | PGI Opountia Locris,Brunello di Montalcino | IL POGGIONE | Montalcino,,,,,,,,,
Κόκκινα,Cono Sur | Bicicleta Reserva | Chile,32,Diamantopetra | Diamandakis Winery | PGI Crete,Efivos | Gavalas Wines | PGI Crete,The Red One | First Drop Winery|Adelaide Hills Barossa Valey,,,,,,,,,
Κόκκινα,A Cabernet Sauvignon | VIK Vineyards | Millahue Valley,75,Château Belles Graves | Lalande de Pomerol AC Bordeaux,Evangelo | Domaine Gerovasileiou | PGI Epanomi,Châteauneuf du Pape | Domaine de la Solitude | AOC Châteauneuf du Pape,,,,,,,,,
Κόκκινα,Malbec | Bodega Catena Zapata | Mendoza,45,Plakoura | Lyrarakis Wines | PGI Crete,Ramnista | Kir-Yianni Estate | PDO Naousa,Magoutes | Diamantis Papageorgiou Winery | PGI Siatista,,,,,,,,,
Κόκκινα,Malbec Argentino | Bodega Catena Zapata | Mendoza,238,"Artemis Cabernet Sauvignon | Stag’s Leap Wine Cellar | Napa Valley, California",Burgundy,Argentiera Bolgheri | Tenuta Argentiera | Bolgeri DOC Superiore,,,,,,,,,
Κόκκινα,Lapis Luna | Lapis Luna Wines | California,44,Issorropia | Efrosini Winery | PGI Crete,Earth and Sky | Thymiopoulos Vineyards | PDO Naoussa,Idisma Drios Merlot | Wine Art Estate | PGI Drama,,,,,,,,,
Κόκκινα,"Ridge Lytton Springs | Ridge Vineyards | Santa Cruz, California",159,BIN 128 | Penfolds | Coonawarra Adelaide,Lagotopos Single Vineyard “Mavrotragano” | Domaine Michailidis | PGI Drama,Brunello di Montalcino | IL POGGIONE | Montalcino,,,,,,,,,
Κόκκινα,"Artemis Cabernet Sauvignon | Stag’s Leap Wine Cellar | Napa Valley, California",231,Burgundy,Malbec Argentino | Bodega Catena Zapata | Mendoza,Argentiera Bolgheri | Tenuta Argentiera | Bolgeri DOC Superiore,,,,,,,,,
Γλυκά,Anthemis | Samos | PDO Samos,31,Iouliatiko | Boutaris Winnery | Crete,,,,,,,,,,,
Γλυκά,Iouliatiko | Boutaris Winnery | Crete,56,Euphoria | Dourakis Winery | Crete,Anthemis | Samos | PDO Samos,Vinsanto | Estate Argyros | PDO Santorini,,,,,,,,,
Γλυκά,Euphoria | Dourakis Winery | Crete,72,Iouliatiko | Boutaris Winnery | Crete,Vinsanto | Estate Argyros | PDO Santorini,Anthemis | Samos | PDO Samos,,,,,,,,,
Γλυκά,Vinsanto | Estate Argyros | PDO Santorini,106,Ice Wine | DR.Loosen | Germany,Euphoria | Dourakis Winery | Crete,Iouliatiko | Boutaris Winnery | Crete,,,,,,,,,
Γλυκά,Ice Wine | DR.Loosen | Germany,118,Vinsanto | Estate Argyros | PDO Santorini,Euphoria | Dourakis Winery | Crete,Iouliatiko | Boutaris Winnery | Crete,,,,,,,,,
Γλυκά,Oremus | Tokaji Aszu 5 Puttonyos | Hungary,205,Ice Wine | DR.Loosen | Germany,Vinsanto | Estate Argyros | PDO Santorini,Euphoria | Dourakis Winery | Crete,,,,,,,,,
Αφρώδη,Dr. LO | Dr. Loosen 0%Alc,28,LIGHT LIVE | Schloss Wachenheim 0%Alc,LIGHT LIVE ROSE | Schloss Wachenheim 0%Alc,Louis Roederer Brut Collection | Champagne | Marne,,,,,,,,,
Αφρώδη,LIGHT LIVE | Schloss Wachenheim 0%Alc,28,Dr. LO | Dr. Loosen 0%Alc,LIGHT LIVE ROSE | Schloss Wachenheim 0%Alc,Louis Roederer Brut Collection | Champagne | Marne,,,,,,,,,
Αφρώδη,LIGHT LIVE ROSE | Schloss Wachenheim 0%Alc,28,Dr. LO | Dr. Loosen 0%Alc,LIGHT LIVE | Schloss Wachenheim 0%Alc,Louis Roederer Brut Collection | Champagne | Marne,,,,,,,,,
Λευκά,LIGHT LIVE | Schloss Wachenheim 0%Alc,28,Dafnios | Douloufakis Estate | PGI Crete,Malva de Crete | Idaia Winery | PGI Crete,Savatiano | Anastasia Fragou Winery | PGI Attika,,,,,,,,,
Κόκκινα,LIGHT LIVE | Schloss Wachenheim 0%Alc,28,“35” Blend | The Finest Artisanal | Crete,Diamantopetra | Diamandakis Winery | PGI Crete,Efivos | Gavalas Wines | PGI Crete,,,,,,,,,
Κόκκινα,“35” Syrah | The Finest Artisanal | Crete,19,“35” Moscato | The Finest Artisanal | Crete,Vinsanto | Estate Argyros | PDO Santorini,“35” Blend | The Finest Artisanal | Crete,,,,,,,,,
Κόκκινα,“35” Moscato | The Finest Artisanal | Crete,19,“35” Syrah | The Finest Artisanal | Crete,Vinsanto | Estate Argyros | PDO Santorini,“35” Blend | The Finest Artisanal | Crete,,,,,,,,,
Κόκκινα,“35” Blend | The Finest Artisanal | Crete,17,Vinsanto | Estate Argyros | PDO Santorini,“35” Syrah | The Finest Artisanal | Crete,“35” Moscato | The Finest Artisanal | Crete,,,,,,,,,
Κόκκινα,“35” Syrah | The Finest Artisanal | Crete,34,Alikos | Haralambakis Winery | PGI Heraklion,Kokkina Chomata | Strataridakis Winery | PGI Crete,Krotos | Amariotakis Winery | PGI Crete,,,,,,,,,
Κόκκινα,“35” Moscato | The Finest Artisanal | Crete,34,Alikos | Haralambakis Winery | PGI Heraklion,Kokkina Chomata | Strataridakis Winery | PGI Crete,Krotos | Amariotakis Winery | PGI Crete,,,,,,,,,
Κόκκινα,‘’35’’ Malvasia di Candia | The Finest Artisanal | Crete,34,Alikos | Haralambakis Winery | PGI Heraklion,Kokkina Chomata | Strataridakis Winery | PGI Crete,Krotos | Amariotakis Winery | PGI Crete,,,,,,,,,
Κόκκινα,“35” Blend | The Finest Artisanal | Crete,30,Diamantopetra | Diamandakis Winery | PGI Crete,Efivos | Gavalas Wines | PGI Crete,The Red One | First Drop Winery|Adelaide Hills Barossa Valey,,,,,,,,,
Κόκκινα,“35” Aged | The Finest Artisanal | Crete,64,Gaia Estate | PDO Nemea,Alpha Pinot Noir | Alpha Estate | PGI Florina,Avlotopi | Tselepos Winery | PGI Peloponnese,,,,,,,,,
Κόκκινα,“Single Variety” | Manousakis | Crete,36,Goumenissa | Mikro Ktima Titou | PDO Goumenissa,Pinot Noir | Villa Wolf | Pfalz Germany,Kotsifali | Endochora Wines | PGI Crete,,,,,,,,,
Αφρώδη,Louis Roederer Brut Collection | Champagne | Marne,27,Dr. LO | Dr. Loosen 0%Alc,LIGHT LIVE | Schloss Wachenheim 0%Alc,LIGHT LIVE ROSE | Schloss Wachenheim 0%Alc,,,,,,,,,
Αφρώδη,Drappier | Carte d’Or Brut | Champagne | Urville,22,Louis Roederer Brut Collection | Champagne | Marne,Dr. LO | Dr. Loosen 0%Alc,LIGHT LIVE | Schloss Wachenheim 0%Alc,,,,,,,,,
Αφρώδη,Prosecco | La Farra | DOC Treviso Italy,10,"Prosecco Rose, La Farra | DOC Treviso Italy",Aprilis Rose Brut | Theopetra Estate | PGI Meteora,DOCG Piemonte Italy,,,,,,,,,
Αφρώδη,DOCG Piemonte Italy,8,Aprilis Rose Brut | Theopetra Estate | PGI Meteora,Prosecco | La Farra | DOC Treviso Italy,"Prosecco Rose, La Farra | DOC Treviso Italy",,,,,,,,,
Αφρώδη,Aprilis Rose Brut | Theopetra Estate | PGI Meteora,9,Prosecco | La Farra | DOC Treviso Italy,DOCG Piemonte Italy,"Prosecco Rose, La Farra | DOC Treviso Italy",,,,,,,,,
Αφρώδη,"Prosecco Rose, La Farra | DOC Treviso Italy",10,Prosecco | La Farra | DOC Treviso Italy,Aprilis Rose Brut | Theopetra Estate | PGI Meteora,DOCG Piemonte Italy,,,,,,,,,
Λευκά,Queen | Lyrarakis Wines | PGI Crete,9,Tomi | Troupis Winery | PDO Mantinia,Kallos | 1979 Winery | sur lie | Retsina Traditional Designation,Apla White | Oenops Wines | PGI Drama,,,,,,,,,
Λευκά,Apla White | Oenops Wines | PGI Drama,10,Gustave Lorentz | Riesling | AOC Alsace,Cono Sur | Bicicleta | Chile,Queen | Lyrarakis Wines | PGI Crete,,,,,,,,,
Λευκά,Tomi | Troupis Winery | PDO Mantinia,9,Queen | Lyrarakis Wines | PGI Crete,Kallos | 1979 Winery | sur lie | Retsina Traditional Designation,Apla White | Oenops Wines | PGI Drama,,,,,,,,,
Λευκά,Thalassitis | Gaia Wines | PDO Santorini,14,Apla White | Oenops Wines | PGI Drama,Gustave Lorentz | Riesling | AOC Alsace,Cono Sur | Bicicleta | Chile,,,,,,,,,
Λευκά,Gustave Lorentz | Riesling | AOC Alsace,10,Apla White | Oenops Wines | PGI Drama,Cono Sur | Bicicleta | Chile,Queen | Lyrarakis Wines | PGI Crete,,,,,,,,,
Λευκά,Cono Sur | Bicicleta | Chile,10,Apla White | Oenops Wines | PGI Drama,Gustave Lorentz | Riesling | AOC Alsace,Queen | Lyrarakis Wines | PGI Crete,,,,,,,,,
Λευκά,Kallos | 1979 Winery | sur lie | Retsina Traditional Designation,9,Queen | Lyrarakis Wines | PGI Crete,Tomi | Troupis Winery | PDO Mantinia,Apla White | Oenops Wines | PGI Drama,,,,,,,,,
Λευκά,Dr. LO | Dr. Loosen 0%Alc,8,Queen | Lyrarakis Wines | PGI Crete,Tomi | Troupis Winery | PDO Mantinia,Kallos | 1979 Winery | sur lie | Retsina Traditional Designation,,,,,,,,,
Ροζέ,Queen Rose | Lyrarakis Wines | PGI Crete,9,"Routas | Château Routas | Provence, France","Rock Angel | Chateau d’Esclans | Provence, France",,,,,,,,,,
Ροζέ,"Routas | Château Routas | Provence, France",10,Queen Rose | Lyrarakis Wines | PGI Crete,"Rock Angel | Chateau d’Esclans | Provence, France",,,,,,,,,,
Ροζέ,"Rock Angel | Chateau d’Esclans | Provence, France",16,"Routas | Château Routas | Provence, France",Queen Rose | Lyrarakis Wines | PGI Crete,Venerata Rosa | Idaia Winery | PGI Crete,,,,,,,,,
Κόκκινα,Queen Red | Lyrarakis Wines | PGI Crete,10,Anthemis | Samos | PDO Samos,Nemea | Aivalis Winery | PDO Nemea,Kokkina Chomata | Strataridakis Winery | PGI Crete,,,,,,,,,
Κόκκινα,Nemea | Aivalis Winery | PDO Nemea,12,Kokkina Chomata | Strataridakis Winery | PGI Crete,Alta Red | Thymiopoulos Vineyards | PDO Naoussa,Cono Sur | Bicicleta Reserva | Chile,,,,,,,,,
Κόκκινα,Kokkina Chomata | Strataridakis Winery | PGI Crete,12,Nemea | Aivalis Winery | PDO Nemea,Alta Red | Thymiopoulos Vineyards | PDO Naoussa,Cono Sur | Bicicleta Reserva | Chile,,,,,,,,,
Κόκκινα,Alta Red | Thymiopoulos Vineyards | PDO Naoussa,12,Nemea | Aivalis Winery | PDO Nemea,Kokkina Chomata | Strataridakis Winery | PGI Crete,Cono Sur | Bicicleta Reserva | Chile,,,,,,,,,
Κόκκινα,Cono Sur | Bicicleta Reserva | Chile,12,Nemea | Aivalis Winery | PDO Nemea,Kokkina Chomata | Strataridakis Winery | PGI Crete,Alta Red | Thymiopoulos Vineyards | PDO Naoussa,,,,,,,,,
Κόκκινα,Côtes-Du-Rhône | Domaine de la Solitude | AOC Côtes du Rhône,12,Nemea | Aivalis Winery | PDO Nemea,Kokkina Chomata | Strataridakis Winery | PGI Crete,Alta Red | Thymiopoulos Vineyards | PDO Naoussa,,,,,,,,,
Κόκκινα,Mother’s Milk | First Drop Winery | Adelaide Hills Barossa Valey,14,Iouliatiko | Boutaris Winery | Crete,Nemea | Aivalis Winery | PDO Nemea,Kokkina Chomata | Strataridakis Winery | PGI Crete,,,,,,,,,
Κόκκινα,Anthemis | Samos | PDO Samos,10,Queen Red | Lyrarakis Wines | PGI Crete,Nemea | Aivalis Winery | PDO Nemea,Kokkina Chomata | Strataridakis Winery | PGI Crete,,,,,,,,,
Κόκκινα,Vinsanto | Estate Argyros | PDO Santorini,18,“35” Syrah | The Finest Artisanal | Crete,“35” Moscato | The Finest Artisanal | Crete,“35” Blend | The Finest Artisanal | Crete,,,,,,,,,
Κόκκινα,Iouliatiko | Boutaris Winery | Crete,14,Mother’s Milk | First Drop Winery | Adelaide Hills Barossa Valey,Nemea | Aivalis Winery | PDO Nemea,Kokkina Chomata | Strataridakis Winery | PGI Crete,,,,,,,,,
Κόκκινα,Draught 0.3L,5,Heineken /Bud,Soft Drinks,"Fix, Alcohol Free",,,,,,,,,
Κόκκινα,Corona Mexican Pale Lager,8,Schneider Weisse 0.5L,"Fix, Alcohol Free","Corona, Alcohol Free",,,,,,,,,
Κόκκινα,Heineken /Bud,6,Draught 0.3L,"Fix, Alcohol Free","Corona, Alcohol Free",,,,,,,,,
Κόκκινα,Schneider Weisse 0.5L,8,Corona Mexican Pale Lager,"Fix, Alcohol Free","Corona, Alcohol Free",,,,,,,,,
Κόκκινα,"Fix, Alcohol Free",7,"Corona, Alcohol Free",Corona Mexican Pale Lager,Heineken /Bud,,,,,,,,,
Κόκκινα,"Corona, Alcohol Free",7,"Fix, Alcohol Free",Corona Mexican Pale Lager,Heineken /Bud,,,,,,,,,
Κόκκινα,Soft Drinks,4,Draught 0.3L,Heineken /Bud,"Fix, Alcohol Free",,,,,,,,,
